"id_municipio","municipio","tipo","id_distrito","latitud","longitud","altitud","sist_norm_int"
"1","ABEJONES","470","8","17.435","-96.60666667","2220","Sistemas normativos internos"
"2","ACATLAN DE PEREZ FIGUEROA","INTEROCEANICO","26","18.53888889","-96.60555556","130","Partidos politicos"
"3","ASUNCION CACALOTEPEC","INTEROCEANICO","14","17.03416667","-95.95611111","2010","Sistemas normativos internos"
"4","ASUNCION CUYOTEPEJI","INTEROCEANICO","7","17.93027778","-97.67333333","1740","Partidos politicos"
"5","ASUNCION IXTALTEPEC","INTEROCEANICO","10","16.50194444","-95.05916667","40","Partidos politicos"
"6","ASUNCION NOCHIXTLAN","INTEROCEANICO","15","17.45722222","-97.225","2080","Partidos politicos"
"7","ASUNCION OCOTLAN","INTEROCEANICO","16","16.75888889","-96.72083333","1480","Partidos politicos"
"8","IXTLAN","INTEROCEANICO","8","16.29944444","-95.72583333","350","Sistemas normativos internos"
"9","AYOTZINTEPEC","470","26","17.67361111","-96.12777778","120","Partidos politicos"
"10","BARRIO DE LA SOLEDAD, EL","INTEROCEANICO","10","16.80388889","-95.11222222","250","Partidos politicos"
"11","CALIHUALA","INTEROCEANICO","19","17.53055556","-98.27833333","1320","Sistemas normativos internos"
"12","CANDELARIA LOXICHA","INTEROCEANICO","17","15.92555556","-96.49166667","440","Sistemas normativos internos"
"13","CIENEGA DE ZIMATLAN","INTEROCEANICO","30","16.89694444","-96.76666667","1490","Partidos politicos"
"14","CIUDAD IXTEPEC","470","10","16.56277778","-95.1","60","Partidos politicos"
"15","COATECAS ALTAS","470","5","16.53583333","-96.67472222","1560","Sistemas normativos internos"
"16","COICOYAN DE LAS FLORES","INTEROCEANICO","12","17.27222222","-98.275","1980","Sistemas normativos internos"
"17","COMPAÑIA, LA","INTEROCEANICO","5","16.5575","-96.81972222","1370","Sistemas normativos internos"
"18","CONCEPCION BUENAVISTA","INTEROCEANICO","2","17.87777778","-97.39944444","2120","Sistemas normativos internos"
"19","CONCEPCION PAPALO","INTEROCEANICO","3","17.84166667","-96.88055556","2100","Sistemas normativos internos"
"20","CONSTANCIA DEL ROSARIO","470","18","17.03888889","-97.94027778","760","Sistemas normativos internos"
"21","COSOLAPA","470","26","18.60194444","-96.68277778","220","Partidos politicos"
"22","COSOLTEPEC","470","7","18.14166667","-97.79027778","1850","Sistemas normativos internos"
"23","CUILAPAM DE GUERRERO","INTEROCEANICO","1","16.99722222","-96.78166667","1570","Partidos politicos"
"24","CUYAMECALCO VILLA DE ZARAGOZA","470","3","17.96388889","-96.83055556","1710","Sistemas normativos internos"
"25","CHAHUITES","470","10","16.28666667","-94.19555556","20","Partidos politicos"
"26","CHALCATONGO DE HIDALGO","470","25","17.02916667","-97.56944444","2460","Partidos politicos"
"27","CHIQUIHUITLAN DE BENITO JUAREZ","INTEROCEANICO","3","17.99444444","-96.74444444","1210","Sistemas normativos internos"
"28","HEROICA CIUDAD DE EJUTLA DE CRESPO","470","5","16.56305556","-96.7325","1450","Partidos politicos"
"29","ELOXOCHITLAN DE FLORES MAGON","INTEROCEANICO","22","18.17611111","-96.87583333","1340","Sistemas normativos internos"
"30","ESPINAL, EL","INTEROCEANICO","10","16.48472222","-95.04166667","30","Partidos politicos"
"31","TAMAZULAPAM DEL ESPIRITU SANTO","INTEROCEANICO","14","17.055","-96.06527778","2030","Sistemas normativos internos"
"32","FRESNILLO DE TRUJANO","470","7","17.9075","-98.13611111","1060","Partidos politicos"
"33","GUADALUPE ETLA","470","6","17.17055556","-96.81027778","1600","Sistemas normativos internos"
"34","GUADALUPE DE RAMIREZ","INTEROCEANICO","19","17.755","-98.16416667","1160","Partidos politicos"
"35","GUELATAO DE JUAREZ","INTEROCEANICO","8","17.31805556","-96.49305556","1800","Sistemas normativos internos"
"36","GUEVEA DE HUMBOLDT","470","21","16.7925","-95.36861111","600","Sistemas normativos internos"
"37","MESONES HIDALGO","470","18","16.91444444","-97.96611111","430","Sistemas normativos internos"
"38","VILLA HIDALGO","470","27","17.18472222","-96.17777778","1190","Sistemas normativos internos"
"39","HEROICA CIUDAD DE HUAJUAPAN DE LEON","INTEROCEANICO","7","17.80388889","-97.77583333","1580","Partidos politicos"
"40","HUAUTEPEC","E100","22","18.10111111","-96.79694444","1680","Partidos politicos"
"41","HUAUTLA DE JIMENEZ","INTEROCEANICO","22","18.13055556","-96.84305556","1710","Partidos politicos"
"42","IXTLAN DE JUAREZ","INTEROCEANICO","8","17.33055556","-96.48722222","2040","Sistemas normativos internos"
"43","JUCHITAN DE ZARAGOZA","INTEROCEANICO","10","16.43333333","-95.01944444","20","Partidos politicos"
"44","LOMA BONITA","470","26","18.10694444","-95.88055556","30","Partidos politicos"
"45","MAGDALENA APASCO","470","6","17.24083333","-96.82083333","1660","Sistemas normativos internos"
"46","MAGDALENA JALTEPEC","470","15","17.32111111","-97.22","2010","Sistemas normativos internos"
"47","SANTA MAGDALENA JICOTLAN","INTEROCEANICO","2","17.80666667","-97.47111111","2180","Sistemas normativos internos"
"48","MAGDALENA MIXTEPEC","E100","30","16.89638889","-96.90694444","1980","Sistemas normativos internos"
"49","MAGDALENA OCOTLAN","INTEROCEANICO","16","16.71","-96.71138889","1510","Partidos politicos"
"50","MAGDALENA PEÑASCO","470","25","17.23416667","-97.55277778","1960","Sistemas normativos internos"
"51","MAGDALENA TEITIPAC","E100","24","16.90444444","-96.55888889","1750","Sistemas normativos internos"
"52","MAGDALENA TEQUISISTLAN","INTEROCEANICO","21","16.39916667","-95.60333333","200","Partidos politicos"
"53","MAGDALENA TLACOTEPEC","470","21","16.50361111","-95.20222222","100","Partidos politicos"
"54","MAGDALENA ZAHUATLAN","INTEROCEANICO","15","17.38833333","-97.22805556","2120","Sistemas normativos internos"
"55","MARISCALA DE JUAREZ","INTEROCEANICO","7","17.85972222","-98.14083333","1080","Partidos politicos"
"56","MARTIRES DE TACUBAYA","INTEROCEANICO","9","16.53694444","-98.25111111","100","Partidos politicos"
"57","MATIAS ROMERO","LIBRAMIENTO SUR","10","16.87222222","-95.04166667","200","Partidos politicos"
"58","MAZATLAN VILLA DE FLORES","INTEROCEANICO","22","18.03166667","-96.91361111","1170","Sistemas normativos internos"
"59","MIAHUATLAN DE PORFIRIO DIAZ","INTEROCEANICO","13","16.32833333","-96.59611111","1560","Partidos politicos"
"60","MIXISTLAN DE LA REFORMA","INTEROCEANICO","14","17.14583333","-96.1125","1690","Sistemas normativos internos"
"61","MONJAS","470","13","16.3675","-96.63638889","1510","Sistemas normativos internos"
"62","NATIVIDAD","470","8","17.29638889","-96.43194444","1960","Sistemas normativos internos"
"63","NAZARENO ETLA","470","6","17.17833333","-96.82388889","1600","Sistemas normativos internos"
"64","NEJAPA DE MADERO","470","28","16.60777778","-95.97833333","620","Sistemas normativos internos"
"65","IXPANTEPEC NIEVES","470","19","17.50555556","-98.04472222","2060","Sistemas normativos internos"
"66","SANTIAGO NILTEPEC","470","10","16.56111111","-94.6125","60","Partidos politicos"
"67","OAXACA DE JUAREZ","INTEROCEANICO","1","17.06777778","-96.72","1560","Partidos politicos"
"68","OCOTLAN DE MORELOS","INTEROCEANICO","16","16.79138889","-96.675","1510","Partidos politicos"
"69","PE, LA","INTEROCEANICO","5","16.62972222","-96.79916667","1470","Sistemas normativos internos"
"70","PINOTEPA DE DON LUIS","470","9","16.42777778","-97.97694444","420","Partidos politicos"
"71","PLUMA HIDALGO","470","17","15.92583333","-96.41777778","1320","Sistemas normativos internos"
"72","SAN JOSE DEL PROGRESO","INTEROCEANICO","16","16.68472222","-96.68555556","1580","Sistemas normativos internos"
"73","PUTLA VILLA DE GUERRERO","E100","18","17.02583333","-97.92916667","740","Partidos politicos"
"74","SANTA CATARINA QUIOQUITANI","470","28","16.31472222","-96.28444444","2070","Sistemas normativos internos"
"75","REFORMA DE PINEDA","470","10","16.39833333","-94.45805556","20","Partidos politicos"
"76","REFORMA, LA","INTEROCEANICO","18","16.6225","-97.84388889","820","Sistemas normativos internos"
"77","REYES ETLA","470","6","17.205","-96.81027778","1640","Sistemas normativos internos"
"78","ROJAS DE CUAUHTEMOC","INTEROCEANICO","24","17.00611111","-96.61666667","1560","Sistemas normativos internos"
"79","SALINA CRUZ","E100","21","16.1825","-95.19583333","20","Partidos politicos"
"80","SAN AGUSTIN AMATENGO","INTEROCEANICO","5","16.51027778","-96.78916667","1360","Partidos politicos"
"81","SAN AGUSTIN ATENANGO","INTEROCEANICO","19","17.61027778","-98.015","1290","Partidos politicos"
"82","SAN AGUSTIN CHAYUCO","INTEROCEANICO","9","16.40138889","-97.80694444","260","Sistemas normativos internos"
"83","SAN AGUSTIN DE LAS JUNTAS","INTEROCEANICO","1","17.01111111","-96.71166667","1520","Sistemas normativos internos"
"84","SAN AGUSTIN ETLA","INTEROCEANICO","6","17.18944444","-96.76416667","1760","Sistemas normativos internos"
"85","SAN AGUSTIN LOXICHA","INTEROCEANICO","17","16.01666667","-96.61666667","1860","Sistemas normativos internos"
"86","SAN AGUSTIN TLACOTEPEC","INTEROCEANICO","25","17.2","-97.51805556","2020","Sistemas normativos internos"
"87","SAN AGUSTIN YATARENI","INTEROCEANICO","1","17.08055556","-96.66805556","1600","Sistemas normativos internos"
"88","SAN ANDRES CABECERA NUEVA","INTEROCEANICO","18","16.88833333","-97.68055556","2190","Partidos politicos"
"89","SAN ANDRES DINICUITI","INTEROCEANICO","7","17.68888889","-97.72638889","1680","Partidos politicos"
"90","SAN ANDRES HUAXPALTEPEC","INTEROCEANICO","9","16.32833333","-97.91611111","230","Partidos politicos"
"91","SAN ANDRES HUAYAPAM","INTEROCEANICO","1","17.10166667","-96.665","1710","Sistemas normativos internos"
"92","SAN ANDRES IXTLAHUACA","INTEROCEANICO","1","17.07083333","-96.825","1630","Sistemas normativos internos"
"93","SAN ANDRES LAGUNAS","INTEROCEANICO","23","17.57361111","-97.52277778","2300","Sistemas normativos internos"
"94","SAN ANDRES NUXIÑO","INTEROCEANICO","15","17.2375","-97.10555556","1840","Sistemas normativos internos"
"95","SAN ANDRES PAXTLAN","INTEROCEANICO","13","16.21527778","-96.50694444","2010","Sistemas normativos internos"
"96","SAN ANDRES SINAXTLA","INTEROCEANICO","15","17.46583333","-97.27944444","2060","Sistemas normativos internos"
"97","SAN ANDRES SOLAGA","INTEROCEANICO","27","17.27083333","-96.23472222","1520","Sistemas normativos internos"
"98","SAN ANDRES TEOTILALPAM","INTEROCEANICO","3","17.95416667","-96.65555556","1570","Sistemas normativos internos"
"99","SAN ANDRES TEPETLAPA","INTEROCEANICO","19","17.66583333","-98.39138889","1480","Sistemas normativos internos"
"100","SAN ANDRES YAA","INTEROCEANICO","27","17.29166667","-96.15305556","1570","Sistemas normativos internos"
"101","SAN ANDRES ZABACHE","INTEROCEANICO","5","16.59916667","-96.85888889","1420","Sistemas normativos internos"
"102","SAN ANDRES ZAUTLA","INTEROCEANICO","6","17.18611111","-96.86305556","1640","Partidos politicos"
"103","SAN ANTONINO CASTILLO VELASCO","470","16","16.80305556","-96.68388889","1500","Partidos politicos"
"104","SAN ANTONINO EL ALTO","470","30","16.81472222","-97.02888889","2020","Sistemas normativos internos"
"105","SAN ANTONINO MONTE VERDE","470","23","17.53222222","-97.72083333","2240","Sistemas normativos internos"
"106","SAN ANTONIO ACUTLA","470","23","17.74361111","-97.49888889","2160","Sistemas normativos internos"
"107","SAN ANTONIO DE LA CAL","470","1","17.02833333","-96.70055556","1560","Sistemas normativos internos"
"108","SAN ANTONIO HUITEPEC","470","29","16.92666667","-97.14694444","2340","Sistemas normativos internos"
"109","SAN ANTONIO NANAHUATIPAM","INTEROCEANICO","22","18.13555556","-97.12583333","790","Sistemas normativos internos"
"110","SAN ANTONIO SINICAHUA","470","25","17.15","-97.56666667","2110","Sistemas normativos internos"
"111","SAN ANTONIO TEPETLAPA","470","9","16.54138889","-98.06555556","390","Sistemas normativos internos"
"112","SAN BALTAZAR CHICHICAPAM","INTEROCEANICO","16","16.76111111","-96.48944444","1550","Partidos politicos"
"113","SAN BALTAZAR LOXICHA","470","17","16.07194444","-96.79027778","990","Sistemas normativos internos"
"114","SAN BALTAZAR YATZACHI EL BAJO","470","27","17.22638889","-96.22027778","1600","Sistemas normativos internos"
"115","SAN BARTOLO COYOTEPEC","470","1","16.95805556","-96.7075","1520","Sistemas normativos internos"
"116","SAN BARTOLOME AYAUTLA","INTEROCEANICO","22","18.03055556","-96.66583333","690","Partidos politicos"
"117","SAN BARTOLOME LOXICHA","INTEROCEANICO","17","15.96888889","-96.70833333","1220","Sistemas normativos internos"
"118","SAN BARTOLOME QUIALANA","INTEROCEANICO","24","16.90055556","-96.50083333","1800","Sistemas normativos internos"
"119","SAN BARTOLOME YUCUAÑE","INTEROCEANICO","25","17.23888889","-97.45","1790","Sistemas normativos internos"
"120","SAN BARTOLOME ZOOGOCHO","INTEROCEANICO","27","17.23861111","-96.24166667","1420","Sistemas normativos internos"
"121","SAN BARTOLO SOYALTEPEC","470","23","17.59027778","-97.30694444","2280","Sistemas normativos internos"
"122","SAN BARTOLO YAUTEPEC","470","28","16.42833333","-95.97361111","860","Sistemas normativos internos"
"123","SAN BERNARDO MIXTEPEC","470","30","16.82472222","-96.89888889","1630","Sistemas normativos internos"
"124","SAN BLAS ATEMPA","470","21","16.32638889","-95.22555556","40","Partidos politicos"
"125","SAN CARLOS YAUTEPEC","470","28","16.49555556","-96.10555556","880","Sistemas normativos internos"
"126","SAN CRISTOBAL AMATLAN","INTEROCEANICO","13","16.31833333","-96.41","1740","Sistemas normativos internos"
"127","SAN CRISTOBAL AMOLTEPEC","INTEROCEANICO","25","17.28472222","-97.57","2320","Sistemas normativos internos"
"128","SAN CRISTOBAL LACHIRIOAG","INTEROCEANICO","27","17.33472222","-96.16527778","1230","Sistemas normativos internos"
"129","SAN CRISTOBAL SUCHIXTLAHUACA","INTEROCEANICO","2","17.72638889","-97.36666667","2070","Sistemas normativos internos"
"130","SAN DIONISIO DEL MAR","470","10","16.32166667","-94.75694444","10","Partidos politicos"
"131","SAN DIONISIO OCOTEPEC","470","24","16.79611111","-96.39583333","1690","Sistemas normativos internos"
"132","SAN DIONISIO OCOTLAN","INTEROCEANICO","16","16.74555556","-96.67972222","1520","Sistemas normativos internos"
"133","SAN ESTEBAN ATATLAHUCA","E100","25","17.06527778","-97.67722222","2470","Sistemas normativos internos"
"134","SAN FELIPE JALAPA DE DIAZ","INTEROCEANICO","26","18.07027778","-96.53583333","140","Partidos politicos"
"135","SAN FELIPE TEJALAPAM","INTEROCEANICO","6","17.11111111","-96.85416667","1650","Sistemas normativos internos"
"136","SAN FELIPE USILA","470","26","17.88777778","-96.52444444","110","Partidos politicos"
"137","SAN FRANCISCO CAHUACUA","INTEROCEANICO","20","16.89277778","-97.30527778","1320","Sistemas normativos internos"
"138","SAN FRANCISCO CAJONOS","470","27","17.17083333","-96.25","1680","Sistemas normativos internos"
"139","SAN FRANCISCO CHAPULAPA","470","3","17.94027778","-96.75555556","1380","Sistemas normativos internos"
"140","SAN FRANCISCO CHINDUA","INTEROCEANICO","15","17.42666667","-97.31222222","2110","Sistemas normativos internos"
"141","SAN FRANCISCO DEL MAR","470","10","16.33833333","-94.51472222","10","Partidos politicos"
"142","SAN FRANCISCO HUEHUETLAN","INTEROCEANICO","22","18.19694444","-96.94694444","1700","Sistemas normativos internos"
"143","SAN FRANCISCO IXHUATAN","INTEROCEANICO","10","16.35138889","-94.48361111","10","Partidos politicos"
"144","SAN FRANCISCO JALTEPETONGO","470","15","17.38444444","-97.26388889","2080","Sistemas normativos internos"
"145","SAN FRANCISCO LACHIGOLO","INTEROCEANICO","24","17.01138889","-96.59944444","1560","Sistemas normativos internos"
"146","SAN FRANCISCO LOGUECHE","E100","13","16.35138889","-96.37722222","1860","Sistemas normativos internos"
"147","SAN FRANCISCO NUXAÑO","470","15","17.37861111","-97.34444444","2340","Sistemas normativos internos"
"148","SAN FRANCISCO OZOLOTEPEC","470","13","16.09833333","-96.22111111","1980","Sistemas normativos internos"
"149","SAN FRANCISCO SOLA","470","20","16.51444444","-96.97472222","1410","Sistemas normativos internos"
"150","SAN FRANCISCO TELIXTLAHUACA","470","6","17.29444444","-96.90416667","1720","Partidos politicos"
"151","SAN FRANCISCO TEOPAN","E100","2","17.85","-97.49527778","2280","Sistemas normativos internos"
"152","SAN FRANCISCO TLAPANCINGO","E100","19","17.48333333","-98.26805556","1400","Sistemas normativos internos"
"153","SAN GABRIEL MIXTEPEC","470","11","16.09361111","-97.07916667","690","Sistemas normativos internos"
"154","SAN ILDEFONSO AMATLAN","INTEROCEANICO","13","16.33388889","-96.49111111","1530","Sistemas normativos internos"
"155","SAN ILDEFONSO SOLA","470","20","16.51916667","-96.98361111","1430","Sistemas normativos internos"
"156","SAN ILDEFONSO VILLA ALTA","470","27","17.3375","-96.15138889","1220","Sistemas normativos internos"
"157","SAN JACINTO AMILPAS","470","1","17.10055556","-96.7625","1560","Partidos politicos"
"158","SAN JACINTO TLACOTEPEC","470","20","16.51888889","-97.38611111","1080","Sistemas normativos internos"
"159","SAN JERONIMO COATLAN","INTEROCEANICO","13","16.2325","-96.86944444","1660","Sistemas normativos internos"
"160","SAN JERONIMO SILACAYOAPILLA","INTEROCEANICO","7","17.80861111","-97.84555556","1700","Partidos politicos"
"161","SAN JERONIMO SOSOLA","INTEROCEANICO","6","17.36555556","-97.03333333","1930","Sistemas normativos internos"
"162","SAN JERONIMO TAVICHE","INTEROCEANICO","16","16.71277778","-96.59416667","1720","Sistemas normativos internos"
"163","SAN JERONIMO TECOATL","INTEROCEANICO","22","18.16611111","-96.9125","1860","Sistemas normativos internos"
"164","SAN JORGE NUCHITA","470","7","17.65472222","-98.10611111","1190","Sistemas normativos internos"
"165","SAN JOSE AYUQUILA","INTEROCEANICO","7","17.94083333","-97.96916667","1550","Sistemas normativos internos"
"166","SAN JOSE CHILTEPEC","INTEROCEANICO","26","17.94666667","-96.17055556","40","Partidos politicos"
"167","SAN JOSE DEL PEÑASCO","INTEROCEANICO","13","16.31638889","-96.50138889","1600","Sistemas normativos internos"
"168","SAN JOSE ESTANCIA GRANDE","INTEROCEANICO","9","16.36472222","-98.25055556","60","Partidos politicos"
"169","SAN JOSE INDEPENDENCIA","INTEROCEANICO","26","18.23916667","-96.64583333","80","Partidos politicos"
"170","SAN JOSE LACHIGUIRI","INTEROCEANICO","13","16.37861111","-96.3375","1680","Sistemas normativos internos"
"171","SAN JOSE TENANGO","INTEROCEANICO","22","18.15","-96.71666667","760","Partidos politicos"
"172","SAN JUAN ACHIUTLA","470","25","17.34444444","-97.50694444","1990","Sistemas normativos internos"
"173","SAN JUAN ATEPEC","470","8","17.42666667","-96.53833333","2000","Sistemas normativos internos"
"174","ANIMAS TRUJANO","INTEROCEANICO","1","16.98833333","-96.71277778","1520","Sistemas normativos internos"
"175","SAN JUAN BAUTISTA ATATLAHUCA","470","6","17.53111111","-96.8275","1030","Sistemas normativos internos"
"176","SAN JUAN BAUTISTA COIXTLAHUACA","470","2","17.72361111","-97.32361111","2100","Sistemas normativos internos"
"177","SAN JUAN BAUTISTA CUICATLAN","INTEROCEANICO","3","17.79861111","-96.95972222","630","Partidos politicos"
"178","SAN JUAN BAUTISTA GUELACHE","470","6","17.22638889","-96.77777778","1750","Sistemas normativos internos"
"179","SAN JUAN BAUTISTA JAYACATLAN","INTEROCEANICO","6","17.42222222","-96.82166667","1270","Sistemas normativos internos"
"180","SAN JUAN BAUTISTA LO DE SOTO","470","9","16.51027778","-98.3475","80","Partidos politicos"
"181","SAN JUAN BAUTISTA SUCHITEPEC","470","7","17.97166667","-97.65944444","1860","Partidos politicos"
"182","SAN JUAN BAUTISTA TLACOATZINTEPEC","470","3","17.85972222","-96.58611111","590","Partidos politicos"
"183","SAN JUAN BAUTISTA TLACHICHILCO","470","19","17.62194444","-98.34527778","1320","Sistemas normativos internos"
"184","SAN JUAN BAUTISTA TUXTEPEC","E100","26","18.08611111","-96.12388889","20","Partidos politicos"
"185","SAN JUAN CACAHUATEPEC","470","9","16.61277778","-98.15555556","420","Partidos politicos"
"186","SAN JUAN CIENEGUILLA","470","19","17.85055556","-98.28","1410","Sistemas normativos internos"
"187","SAN JUAN COATZOSPAM","INTEROCEANICO","22","18.04888889","-96.76222222","1810","Partidos politicos"
"188","SAN JUAN COLORADO","470","9","16.45861111","-97.95361111","440","Partidos politicos"
"189","SAN JUAN COMALTEPEC","E100","4","17.33777778","-95.97666667","600","Sistemas normativos internos"
"190","SAN JUAN COTZOCON","INTEROCEANICO","14","17.16333333","-95.78166667","1230","Sistemas normativos internos"
"191","SAN JUAN CHICOMEZUCHIL","INTEROCEANICO","8","17.2875","-96.495","1760","Sistemas normativos internos"
"192","SAN JUAN CHILATECA","470","16","16.82805556","-96.67027778","1500","Sistemas normativos internos"
"193","SAN JUAN DEL ESTADO","470","6","17.27222222","-96.79944444","1740","Sistemas normativos internos"
"194","SAN JUAN DEL RIO","INTEROCEANICO","24","16.8825","-96.16138889","1190","Sistemas normativos internos"
"195","SAN JUAN DIUXI","470","15","17.28083333","-97.37333333","2250","Sistemas normativos internos"
"196","SAN JUAN EVANGELISTA ANALCO","470","8","17.40666667","-96.53888889","2060","Sistemas normativos internos"
"197","SAN JUAN GUELAVIA","INTEROCEANICO","24","16.95527778","-96.54555556","1600","Sistemas normativos internos"
"198","SAN JUAN GUICHICOVI","470","10","16.96166667","-95.09305556","260","Partidos politicos"
"199","SAN JUAN IHUALTEPEC","470","19","17.73888889","-98.28888889","1780","Partidos politicos"
"200","SAN JUAN JUQUILA MIXES","E100","28","16.93472222","-95.91722222","1440","Sistemas normativos internos"
"201","SAN JUAN JUQUILA VIJANOS","470","27","17.35416667","-96.30333333","1570","Sistemas normativos internos"
"202","SAN JUAN LACHAO","470","11","16.1575","-97.12472222","590","Sistemas normativos internos"
"203","SAN JUAN LACHIGALLA","470","5","16.59138889","-96.54833333","1720","Sistemas normativos internos"
"204","SAN JUAN LAJARCIA","470","28","16.50805556","-95.92555556","900","Sistemas normativos internos"
"205","SAN JUAN LALANA","E100","4","17.46916667","-95.87972222","460","Sistemas normativos internos"
"206","SAN JUAN DE LOS CUES","INTEROCEANICO","22","18.04611111","-97.05833333","860","Sistemas normativos internos"
"207","SAN JUAN MAZATLAN","INTEROCEANICO","14","17.02833333","-95.4425","520","Sistemas normativos internos"
"208","SAN JUAN MIXTEPEC - DISTR. 08 -","INTEROCEANICO","12","17.30472222","-97.82972222","1720","Sistemas normativos internos"
"209","SAN JUAN MIXTEPEC - DISTR. 26 -","INTEROCEANICO","13","16.27666667","-96.29916667","2040","Sistemas normativos internos"
"210","SAN JUAN ÑUMI","INTEROCEANICO","25","17.39666667","-97.70694444","2210","Sistemas normativos internos"
"211","SAN JUAN OZOLOTEPEC","470","13","16.1325","-96.25777778","2170","Sistemas normativos internos"
"212","SAN JUAN PETLAPA","E100","4","17.46916667","-96.03638889","610","Sistemas normativos internos"
"213","SAN JUAN QUIAHIJE","470","11","16.30111111","-97.31611111","1960","Sistemas normativos internos"
"214","SAN JUAN QUIOTEPEC","470","8","17.60111111","-96.58833333","1930","Sistemas normativos internos"
"215","SAN JUAN SAYULTEPEC","470","15","17.45194444","-97.28611111","2100","Sistemas normativos internos"
"216","SAN JUAN TABAA","INTEROCEANICO","27","17.30416667","-96.20833333","1270","Sistemas normativos internos"
"217","SAN JUAN TAMAZOLA","470","15","17.15972222","-97.22638889","2080","Sistemas normativos internos"
"218","SAN JUAN TEITA","E100","25","17.09583333","-97.41444444","1340","Sistemas normativos internos"
"219","SAN JUAN TEITIPAC","470","24","16.93361111","-96.60916667","1630","Sistemas normativos internos"
"220","SAN JUAN TEPEUXILA","470","3","17.72333333","-96.84055556","2130","Sistemas normativos internos"
"221","SAN JUAN TEPOSCOLULA","470","23","17.55055556","-97.425","2300","Sistemas normativos internos"
"222","SAN JUAN YAEE","INTEROCEANICO","27","17.42916667","-96.28333333","1440","Sistemas normativos internos"
"223","SAN JUAN YATZONA","E100","27","17.40222222","-96.16916667","1300","Sistemas normativos internos"
"224","SAN JUAN YUCUITA","470","15","17.51138889","-97.27027778","2090","Sistemas normativos internos"
"225","SAN LORENZO","E100","9","16.39361111","-97.87444444","240","Partidos politicos"
"226","SAN LORENZO ALBARRADAS","470","24","16.90638889","-96.25944444","1810","Sistemas normativos internos"
"227","SAN LORENZO CACAOTEPEC","470","6","17.12833333","-96.8","1600","Sistemas normativos internos"
"228","SAN LORENZO CUAUNECUILTITLA","470","22","18.20694444","-96.91138889","1960","Sistemas normativos internos"
"229","SAN LORENZO TEXMELUCAN","INTEROCEANICO","20","16.58416667","-97.19833333","1420","Sistemas normativos internos"
"230","SAN LORENZO VICTORIA","470","19","17.6675","-98.12","1180","Sistemas normativos internos"
"231","SAN LUCAS CAMOTLAN","INTEROCEANICO","14","16.945","-95.71111111","1270","Sistemas normativos internos"
"232","SAN LUCAS OJITLAN","INTEROCEANICO","26","18.05666667","-96.3975","160","Partidos politicos"
"233","SAN LUCAS QUIAVINI","INTEROCEANICO","24","16.89361111","-96.46777778","1740","Sistemas normativos internos"
"234","SAN LUCAS ZOQUIAPAM","INTEROCEANICO","22","18.13527778","-96.90583333","1760","Sistemas normativos internos"
"235","SAN LUIS AMATLAN","INTEROCEANICO","13","16.38916667","-96.49722222","1520","Sistemas normativos internos"
"236","SAN MARCIAL OZOLOTEPEC","470","13","16.08777778","-96.40472222","2340","Sistemas normativos internos"
"237","SAN MARCOS ARTEAGA","470","7","17.71944444","-97.85972222","1460","Partidos politicos"
"238","SAN MARTIN DE LOS CANSECOS","INTEROCEANICO","5","16.65638889","-96.72861111","1520","Sistemas normativos internos"
"239","SAN MARTIN HUAMELULPAM","INTEROCEANICO","25","17.39722222","-97.60138889","2230","Sistemas normativos internos"
"240","SAN MARTIN ITUNYOSO","INTEROCEANICO","25","17.22805556","-97.88083333","2610","Sistemas normativos internos"
"241","SAN MARTIN LACHILA","INTEROCEANICO","5","16.61111111","-96.84888889","1420","Sistemas normativos internos"
"242","SAN MARTIN PERAS","INTEROCEANICO","12","17.35916667","-98.23805556","2200","Sistemas normativos internos"
"243","SAN MARTIN TILCAJETE","INTEROCEANICO","16","16.85888889","-96.695","1530","Sistemas normativos internos"
"244","SAN MARTIN TOXPALAN","INTEROCEANICO","22","18.1","-97.05722222","1050","Sistemas normativos internos"
"245","SAN MARTIN ZACATEPEC","INTEROCEANICO","7","17.80694444","-98.05972222","1540","Partidos politicos"
"246","SAN MATEO CAJONOS","470","27","17.16111111","-96.2075","1350","Sistemas normativos internos"
"247","CAPULALPAM DE MENDEZ","INTEROCEANICO","8","17.30611111","-96.44611111","2060","Sistemas normativos internos"
"248","SAN MATEO DEL MAR","E100","21","16.20888889","-94.98166667","10","Sistemas normativos internos"
"249","SAN MATEO YOLOXOCHITLAN","INTEROCEANICO","22","18.14222222","-96.86805556","1530","Sistemas normativos internos"
"250","SAN MATEO ETLATONGO","470","15","17.415","-97.27333333","2020","Sistemas normativos internos"
"251","SAN MATEO NEJAPAM","INTEROCEANICO","19","17.65583333","-98.41666667","1370","Sistemas normativos internos"
"252","SAN MATEO PEÑASCO","470","25","17.15","-97.53194444","1840","Sistemas normativos internos"
"253","SAN MATEO PIÑAS","470","17","15.99861111","-96.33527778","1020","Sistemas normativos internos"
"254","SAN MATEO RIO HONDO","INTEROCEANICO","13","16.14333333","-96.44777778","2340","Partidos politicos"
"255","SAN MATEO SINDIHUI","470","15","17.00194444","-97.35138889","1470","Sistemas normativos internos"
"256","SAN MATEO TLAPILTEPEC","470","2","17.80944444","-97.43194444","2220","Sistemas normativos internos"
"257","SAN MELCHOR BETAZA","E100","27","17.24944444","-96.15138889","1430","Sistemas normativos internos"
"258","SAN MIGUEL ACHIUTLA","470","25","17.30444444","-97.48833333","1940","Sistemas normativos internos"
"259","SAN MIGUEL AHUEHUETITLAN","INTEROCEANICO","19","17.67055556","-98.32138889","1370","Partidos politicos"
"260","SAN MIGUEL ALOAPAM","INTEROCEANICO","8","17.41111111","-96.6925","2280","Sistemas normativos internos"
"261","SAN MIGUEL AMATITLAN","INTEROCEANICO","7","17.89111111","-98.02388889","1580","Partidos politicos"
"262","SAN MIGUEL AMATLAN","INTEROCEANICO","8","17.27555556","-96.47166667","1990","Sistemas normativos internos"
"263","SAN MIGUEL COATLAN","INTEROCEANICO","13","16.19527778","-96.69388889","1900","Sistemas normativos internos"
"264","SAN MIGUEL CHICAHUA","470","15","17.63583333","-97.19472222","2300","Sistemas normativos internos"
"265","SAN MIGUEL CHIMALAPA","E100","10","16.71333333","-94.74777778","130","Sistemas normativos internos"
"266","SAN MIGUEL DEL PUERTO","470","17","15.9225","-96.17444444","350","Sistemas normativos internos"
"267","SAN MIGUEL DEL RIO","INTEROCEANICO","8","17.32083333","-96.56777778","1740","Sistemas normativos internos"
"268","SAN MIGUEL EJUTLA","470","5","16.58083333","-96.73944444","1440","Sistemas normativos internos"
"269","SAN MIGUEL EL GRANDE","470","25","17.04583333","-97.61944444","2480","Sistemas normativos internos"
"270","SAN MIGUEL HUAUTLA","470","15","17.74027778","-97.14305556","1950","Sistemas normativos internos"
"271","SAN MIGUEL MIXTEPEC","E100","30","16.77777778","-96.95722222","1910","Sistemas normativos internos"
"272","SAN MIGUEL PANIXTLAHUACA","470","11","16.25972222","-97.37805556","770","Sistemas normativos internos"
"273","SAN MIGUEL PERAS","470","29","16.93722222","-97.01027778","2080","Sistemas normativos internos"
"274","SAN MIGUEL PIEDRAS","E100","15","16.99861111","-97.23222222","1860","Sistemas normativos internos"
"275","SAN MIGUEL QUETZALTEPEC","E100","14","16.97277778","-95.75972222","1190","Sistemas normativos internos"
"276","SAN MIGUEL SANTA FLOR","E100","3","17.92083333","-96.79861111","1780","Sistemas normativos internos"
"277","VILLA SOLA DE VEGA","E100","20","16.51388889","-96.97777778","1410","Partidos politicos"
"278","SAN MIGUEL SOYALTEPEC","E100","26","18.23944444","-96.40305556","30","Partidos politicos"
"279","SAN MIGUEL SUCHIXTEPEC","470","13","16.09277778","-96.46666667","2580","Sistemas normativos internos"
"280","VILLA TALEA DE CASTRO","470","27","17.36166667","-96.24833333","1630","Sistemas normativos internos"
"281","SAN MIGUEL TECOMATLAN","INTEROCEANICO","15","17.39305556","-97.26805556","2100","Sistemas normativos internos"
"282","SAN MIGUEL TENANGO","470","21","16.26611111","-95.595","1610","Sistemas normativos internos"
"283","SAN MIGUEL TEQUIXTEPEC","470","2","17.80194444","-97.34055556","2010","Sistemas normativos internos"
"284","SAN MIGUEL TILQUIAPAM","INTEROCEANICO","16","16.78055556","-96.58111111","1680","Sistemas normativos internos"
"285","SAN MIGUEL TLACAMAMA","470","9","16.41611111","-98.06361111","260","Partidos politicos"
"286","SAN MIGUEL TLACOTEPEC","470","12","17.45416667","-98.00583333","1720","Sistemas normativos internos"
"287","SAN MIGUEL TULANCINGO","470","2","17.75055556","-97.44111111","2200","Sistemas normativos internos"
"288","SAN MIGUEL YOTAO","E100","8","17.36861111","-96.33666667","1370","Sistemas normativos internos"
"289","SAN NICOLAS","INTEROCEANICO","13","16.41944444","-96.74055556","1440","Sistemas normativos internos"
"290","SAN NICOLAS HIDALGO","INTEROCEANICO","19","17.78277778","-98.14361111","1100","Partidos politicos"
"291","SAN PABLO COATLAN","INTEROCEANICO","13","16.22305556","-96.7825","1460","Sistemas normativos internos"
"292","SAN PABLO CUATRO VENADOS","E100","29","16.98333333","-96.89083333","2360","Sistemas normativos internos"
"293","SAN PABLO ETLA","470","6","17.14444444","-96.76","1640","Sistemas normativos internos"
"294","SAN PABLO HUITZO","470","6","17.27638889","-96.8825","1700","Partidos politicos"
"295","SAN PABLO HUIXTEPEC","470","30","16.82694444","-96.78083333","1480","Partidos politicos"
"296","SAN PABLO MACUILTIANGUIS","470","8","17.53388889","-96.55333333","2120","Sistemas normativos internos"
"297","SAN PABLO TIJALTEPEC","470","25","17.01805556","-97.5","2240","Sistemas normativos internos"
"298","SAN PABLO VILLA DE MITLA","470","24","16.92083333","-96.36166667","1690","Partidos politicos"
"299","SAN PABLO YAGANIZA","470","27","17.14527778","-96.22777778","1420","Sistemas normativos internos"
"300","SAN PEDRO AMUZGOS","470","18","16.65361111","-98.08888889","500","Partidos politicos"
"301","SAN PEDRO APOSTOL","INTEROCEANICO","16","16.73472222","-96.72611111","1490","Sistemas normativos internos"
"302","SAN PEDRO ATOYAC","470","9","16.48805556","-97.98555556","240","Partidos politicos"
"303","SAN PEDRO CAJONOS","470","27","17.16805556","-96.26111111","1860","Sistemas normativos internos"
"304","SAN PEDRO COXCALTEPEC CANTAROS","INTEROCEANICO","15","17.49916667","-97.13805556","2300","Sistemas normativos internos"
"305","SAN PEDRO COMITANCILLO","470","21","16.49027778","-95.15972222","70","Partidos politicos"
"306","SAN PEDRO EL ALTO","INTEROCEANICO","17","16.03166667","-96.47388889","2280","Sistemas normativos internos"
"307","SAN PEDRO HUAMELULA","470","21","16.025","-95.66527778","80","Partidos politicos"
"308","SAN PEDRO HUILOTEPEC","470","21","16.24388889","-95.15","20","Partidos politicos"
"309","SAN PEDRO IXCATLAN","INTEROCEANICO","26","18.14472222","-96.51","90","Partidos politicos"
"310","SAN PEDRO IXTLAHUACA","470","1","17.06305556","-96.81805556","1640","Sistemas normativos internos"
"311","SAN PEDRO JALTEPETONGO","E100","3","17.68861111","-97.03388889","1730","Sistemas normativos internos"
"312","SAN PEDRO JICAYAN","INTEROCEANICO","9","16.45027778","-98.015","400","Partidos politicos"
"313","SAN PEDRO JOCOTIPAC","470","3","17.76861111","-97.07944444","2040","Sistemas normativos internos"
"314","SAN PEDRO JUCHATENGO","470","11","16.34","-97.08722222","840","Sistemas normativos internos"
"315","SAN PEDRO MARTIR","INTEROCEANICO","16","16.74361111","-96.71194444","1490","Sistemas normativos internos"
"316","SAN PEDRO MARTIR QUIECHAPA","INTEROCEANICO","28","16.41305556","-96.24722222","1810","Sistemas normativos internos"
"317","SAN PEDRO MARTIR YUCUXACO","INTEROCEANICO","25","17.43055556","-97.61111111","2240","Sistemas normativos internos"
"318","SAN PEDRO MIXTEPEC - DISTR. 22 -","INTEROCEANICO","11","16.27111111","-96.2825","2100","Partidos politicos"
"319","SAN PEDRO MIXTEPEC - DISTR. 26 -","INTEROCEANICO","13","15.98277778","-97.08277778","230","Sistemas normativos internos"
"320","SAN PEDRO MOLINOS","470","25","17.10138889","-97.54305556","2100","Sistemas normativos internos"
"321","SAN PEDRO NOPALA","470","23","17.80416667","-97.54055556","2100","Sistemas normativos internos"
"322","SAN PEDRO OCOPETATILLO","470","22","18.18416667","-96.91277778","1740","Sistemas normativos internos"
"323","SAN PEDRO OCOTEPEC","E100","14","16.95416667","-95.84444444","1680","Sistemas normativos internos"
"324","SAN PEDRO POCHUTLA","E100","17","15.74444444","-96.46527778","160","Partidos politicos"
"325","SAN PEDRO QUIATONI","E100","24","16.78333333","-96.03111111","1870","Sistemas normativos internos"
"326","SAN PEDRO SOCHIAPAM","INTEROCEANICO","3","17.8275","-96.66222222","1250","Sistemas normativos internos"
"327","SAN PEDRO TAPANATEPEC","470","10","16.36611111","-94.19333333","60","Partidos politicos"
"328","SAN PEDRO TAVICHE","470","16","16.63638889","-96.53722222","1590","Sistemas normativos internos"
"329","SAN PEDRO TEOZACOALCO","470","15","17.01583333","-97.28666667","1590","Sistemas normativos internos"
"330","SAN PEDRO TEUTILA","470","3","17.975","-96.70416667","1070","Sistemas normativos internos"
"331","SAN PEDRO TIDAA","INTEROCEANICO","15","17.34027778","-97.37666667","2280","Sistemas normativos internos"
"332","SAN PEDRO TOPILTEPEC","470","23","17.43611111","-97.34444444","2160","Sistemas normativos internos"
"333","SAN PEDRO TOTOLAPA","INTEROCEANICO","24","16.66527778","-96.30194444","930","Sistemas normativos internos"
"334","VILLA DE TUTUTEPEC DE MELCHOR OCAMPO","INTEROCEANICO","11","16.12833333","-97.60861111","280","Partidos politicos"
"335","SAN PEDRO YANERI","470","8","17.41861111","-96.35444444","1370","Sistemas normativos internos"
"336","SAN PEDRO YOLOX","INTEROCEANICO","8","17.5875","-96.55166667","1900","Sistemas normativos internos"
"337","SAN PEDRO Y SAN PABLO AYUTLA","470","14","17.02555556","-96.08","2040","Sistemas normativos internos"
"338","VILLA DE ETLA","470","6","17.2075","-96.8","1660","Partidos politicos"
"339","SAN PEDRO Y SAN PABLO TEPOSCOLULA","470","23","17.51055556","-97.48833333","2170","Partidos politicos"
"340","SAN PEDRO Y SAN PABLO TEQUIXTEPEC","470","7","18.06027778","-97.71888889","1850","Sistemas normativos internos"
"341","SAN PEDRO YUCUNAMA","470","23","17.56027778","-97.4825","2420","Sistemas normativos internos"
"342","SAN RAYMUNDO JALPAN","470","1","16.97055556","-96.75527778","1520","Sistemas normativos internos"
"343","SAN SEBASTIAN ABASOLO","INTEROCEANICO","24","16.99333333","-96.58833333","1580","Sistemas normativos internos"
"344","SAN SEBASTIAN COATLAN","INTEROCEANICO","13","16.20055556","-96.82583333","1970","Sistemas normativos internos"
"345","SAN SEBASTIAN IXCAPA","INTEROCEANICO","9","16.5425","-98.14444444","240","Partidos politicos"
"346","SAN SEBASTIAN NICANANDUTA","INTEROCEANICO","23","17.51666667","-97.68472222","2390","Sistemas normativos internos"
"347","SAN SEBASTIAN RIO HONDO","INTEROCEANICO","13","16.18194444","-96.46388889","2520","Sistemas normativos internos"
"348","SAN SEBASTIAN TECOMAXTLAHUACA","INTEROCEANICO","12","17.34527778","-98.03083333","1680","Sistemas normativos internos"
"349","SAN SEBASTIAN TEITIPAC","INTEROCEANICO","24","16.95027778","-96.61361111","1610","Sistemas normativos internos"
"350","SAN SEBASTIAN TUTLA","INTEROCEANICO","1","17.05972222","-96.67222222","1540","Sistemas normativos internos"
"351","SAN SIMON ALMOLONGAS","INTEROCEANICO","13","16.40722222","-96.71888889","1510","Sistemas normativos internos"
"352","SAN SIMON ZAHUATLAN","INTEROCEANICO","7","17.82777778","-98.00333333","1910","Sistemas normativos internos"
"353","SANTA ANA","470","13","16.34055556","-96.7175","1590","Sistemas normativos internos"
"354","SANTA ANA ATEIXTLAHUACA","E100","22","18.20972222","-96.90583333","1820","Sistemas normativos internos"
"355","SANTA ANA CUAUHTEMOC","INTEROCEANICO","3","17.98333333","-96.79527778","1700","Sistemas normativos internos"
"356","SANTA ANA DEL VALLE","470","24","16.99361111","-96.47166667","1670","Sistemas normativos internos"
"357","SANTA ANA TAVELA","470","28","16.65416667","-95.90972222","700","Sistemas normativos internos"
"358","SANTA ANA TLAPACOYAN","470","30","16.74305556","-96.83694444","1470","Sistemas normativos internos"
"359","SANTA ANA YARENI","470","8","17.39722222","-96.61027778","2280","Sistemas normativos internos"
"360","SANTA ANA ZEGACHE","470","16","16.83777778","-96.725","1490","Partidos politicos"
"361","SANTA CATALINA QUIERI","INTEROCEANICO","28","16.31972222","-96.26694444","1950","Sistemas normativos internos"
"362","SANTA CATARINA CUIXTLA","470","13","16.30444444","-96.64527778","1790","Sistemas normativos internos"
"363","SANTA CATARINA IXTEPEJI","470","8","17.26583333","-96.56222222","1880","Sistemas normativos internos"
"364","SANTA CATARINA JUQUILA","470","11","16.23638889","-97.29194444","1450","Partidos politicos"
"365","SANTA CATARINA LACHATAO","470","8","17.26805556","-96.47194444","2110","Sistemas normativos internos"
"366","SANTA CATARINA LOXICHA","470","17","16.06666667","-96.75444444","1250","Sistemas normativos internos"
"367","SANTA CATARINA MECHOACAN","INTEROCEANICO","9","16.33361111","-97.83555556","280","Sistemas normativos internos"
"368","SANTA CATARINA MINAS","470","16","16.7775","-96.615","1590","Sistemas normativos internos"
"369","SANTA CATARINA QUIANE","INTEROCEANICO","30","16.88027778","-96.74083333","1500","Sistemas normativos internos"
"370","SANTA CATARINA TAYATA","470","25","17.34583333","-97.55833333","2100","Sistemas normativos internos"
"371","SANTA CATARINA TICUA","INTEROCEANICO","25","17.07083333","-97.53611111","2250","Sistemas normativos internos"
"372","SANTA CATARINA YOSONOTU","INTEROCEANICO","25","17.01944444","-97.66111111","2260","Sistemas normativos internos"
"373","SANTA CATARINA ZAPOQUILA","470","7","18.06527778","-97.60138889","2010","Sistemas normativos internos"
"374","SANTA CRUZ ACATEPEC","E100","22","18.16111111","-96.875","1590","Sistemas normativos internos"
"375","SANTA CRUZ AMILPAS","470","1","17.05833333","-96.68333333","1540","Partidos politicos"
"376","SANTA CRUZ DE BRAVO","470","19","17.57972222","-98.22361111","1640","Sistemas normativos internos"
"377","SANTA CRUZ ITUNDUJIA","470","18","16.87361111","-97.66027778","2320","Partidos politicos"
"378","SANTA CRUZ MIXTEPEC","470","30","16.79361111","-96.88222222","1580","Sistemas normativos internos"
"379","SANTA CRUZ NUNDACO","470","25","17.17222222","-97.72361111","2300","Sistemas normativos internos"
"380","SANTA CRUZ PAPALUTLA","470","24","16.95861111","-96.585","1590","Sistemas normativos internos"
"381","SANTA CRUZ TACACHE DE MINA","470","7","17.82722222","-98.14944444","1070","Partidos politicos"
"382","SANTA CRUZ TACAHUA","470","25","16.9175","-97.49222222","1750","Sistemas normativos internos"
"383","SANTA CRUZ TAYATA","470","25","17.35638889","-97.56861111","2110","Sistemas normativos internos"
"384","SANTA CRUZ XITLA","470","13","16.32138889","-96.67222222","1800","Sistemas normativos internos"
"385","SANTA CRUZ XOXOCOTLAN","INTEROCEANICO","1","17.02638889","-96.73333333","1520","Partidos politicos"
"386","SANTA CRUZ ZENZONTEPEC","E100","20","16.53444444","-97.49472222","930","Sistemas normativos internos"
"387","SANTA GERTRUDIS","470","30","16.78666667","-96.79722222","1470","Partidos politicos"
"388","SANTA INES DEL MONTE","INTEROCEANICO","29","16.92583333","-96.86194444","2290","Sistemas normativos internos"
"389","SANTA INES YATZECHE","INTEROCEANICO","30","16.80888889","-96.75583333","1460","Sistemas normativos internos"
"390","SANTA LUCIA DEL CAMINO","INTEROCEANICO","1","17.0625","-96.69333333","1540","Partidos politicos"
"391","SANTA LUCIA MIAHUATLAN","INTEROCEANICO","13","16.18527778","-96.61805556","1990","Sistemas normativos internos"
"392","SANTA LUCIA MONTEVERDE","INTEROCEANICO","18","16.97027778","-97.66583333","2490","Sistemas normativos internos"
"393","SANTA LUCIA OCOTLAN","INTEROCEANICO","16","16.74111111","-96.68083333","1520","Sistemas normativos internos"
"394","SANTA MARIA ALOTEPEC","INTEROCEANICO","14","17.09111111","-95.85416667","1450","Sistemas normativos internos"
"395","SANTA MARIA APAZCO","INTEROCEANICO","15","17.63333333","-97.10111111","2170","Sistemas normativos internos"
"396","SANTA MARIA LA ASUNCION","INTEROCEANICO","22","18.10722222","-96.81916667","1680","Sistemas normativos internos"
"397","HEROICA CIUDAD DE TLAXIACO","E100","25","17.26944444","-97.67916667","2060","Partidos politicos"
"398","AYOQUEZCO DE ALDAMA","470","30","16.685","-96.84305556","1450","Sistemas normativos internos"
"399","SANTA MARIA ATZOMPA","INTEROCEANICO","1","17.10138889","-96.77777778","1580","Sistemas normativos internos"
"400","SANTA MARIA CAMOTLAN","INTEROCEANICO","7","17.89861111","-97.69305556","1720","Sistemas normativos internos"
"401","SANTA MARIA COLOTEPEC","INTEROCEANICO","17","15.89722222","-96.9375","50","Sistemas normativos internos"
"402","SANTA MARIA CORTIJO","INTEROCEANICO","9","16.45083333","-98.28555556","80","Partidos politicos"
"403","SANTA MARIA COYOTEPEC","INTEROCEANICO","1","16.96416667","-96.70666667","1520","Sistemas normativos internos"
"404","SANTA MARIA CHACHOAPAM","INTEROCEANICO","15","17.52444444","-97.28333333","2090","Sistemas normativos internos"
"405","VILLA DE CHILAPA DE DIAZ","INTEROCEANICO","23","17.58888889","-97.63194444","1900","Sistemas normativos internos"
"406","SANTA MARIA CHILCHOTLA","INTEROCEANICO","22","18.23333333","-96.83027778","1380","Sistemas normativos internos"
"407","SANTA MARIA CHIMALAPA","INTEROCEANICO","10","16.90638889","-94.68333333","310","Sistemas normativos internos"
"408","SANTA MARIA DEL ROSARIO","INTEROCEANICO","25","17.35166667","-97.59361111","2290","Sistemas normativos internos"
"409","SANTA MARIA DEL TULE","INTEROCEANICO","1","17.04722222","-96.63333333","1560","Sistemas normativos internos"
"410","SANTA MARIA ECATEPEC","INTEROCEANICO","28","16.28388889","-95.87722222","1820","Sistemas normativos internos"
"411","SANTA MARIA GUELACE","INTEROCEANICO","24","17.00166667","-96.6025","1560","Sistemas normativos internos"
"412","SANTA MARIA GUIENAGATI","INTEROCEANICO","21","16.7375","-95.35416667","320","Sistemas normativos internos"
"413","SANTA MARIA HUATULCO","INTEROCEANICO","17","15.83416667","-96.32222222","220","Partidos politicos"
"414","SANTA MARIA HUAZOLOTITLAN","INTEROCEANICO","9","16.30138889","-97.9125","280","Partidos politicos"
"415","SANTA MARIA IPALAPA","INTEROCEANICO","18","16.63555556","-98.03277778","460","Partidos politicos"
"416","SANTA MARIA IXCATLAN","INTEROCEANICO","22","17.85277778","-97.19277778","1910","Sistemas normativos internos"
"417","SANTA MARIA JACATEPEC","INTEROCEANICO","26","17.86","-96.21138889","40","Partidos politicos"
"418","SANTA MARIA JALAPA DEL MARQUES","INTEROCEANICO","21","16.44083333","-95.445","160","Partidos politicos"
"419","SANTA MARIA JALTIANGUIS","INTEROCEANICO","8","17.36194444","-96.52777778","2110","Sistemas normativos internos"
"420","SANTA MARIA LACHIXIO","INTEROCEANICO","20","16.72694444","-97.01888889","2260","Sistemas normativos internos"
"421","SANTA MARIA MIXTEQUILLA","INTEROCEANICO","21","16.37444444","-95.25972222","60","Partidos politicos"
"422","SANTA MARIA NATIVITAS","INTEROCEANICO","2","17.66111111","-97.33333333","2160","Sistemas normativos internos"
"423","SANTA MARIA NDUAYACO","INTEROCEANICO","23","17.41027778","-97.49722222","2340","Sistemas normativos internos"
"424","SANTA MARIA OZOLOTEPEC","INTEROCEANICO","13","16.12944444","-96.36944444","2490","Sistemas normativos internos"
"425","SANTA MARIA PAPALO","INTEROCEANICO","3","17.7825","-96.79722222","2040","Sistemas normativos internos"
"426","SANTA MARIA PEÑOLES","INTEROCEANICO","6","17.07777778","-97.00138889","1990","Sistemas normativos internos"
"427","SANTA MARIA PETAPA","INTEROCEANICO","10","16.82166667","-95.11972222","240","Partidos politicos"
"428","SANTA MARIA QUIEGOLANI","INTEROCEANICO","28","16.27583333","-96.05138889","2130","Sistemas normativos internos"
"429","SANTA MARIA SOLA","INTEROCEANICO","20","16.56583333","-97.01277778","1460","Sistemas normativos internos"
"430","SANTA MARIA TATALTEPEC","INTEROCEANICO","25","17.14027778","-97.39305556","1610","Sistemas normativos internos"
"431","SANTA MARIA TECOMAVACA","INTEROCEANICO","22","17.95555556","-97.02361111","600","Partidos politicos"
"432","SANTA MARIA TEMAXCALAPA","INTEROCEANICO","27","17.38055556","-96.16111111","1100","Sistemas normativos internos"
"433","SANTA MARIA TEMAXCALTEPEC","INTEROCEANICO","11","16.16277778","-97.19444444","1280","Sistemas normativos internos"
"434","SANTA MARIA TEOPOXCO","INTEROCEANICO","22","18.16611111","-96.95472222","1910","Partidos politicos"
"435","SANTA MARIA TEPANTLALI","INTEROCEANICO","14","16.99666667","-96.00916667","1820","Sistemas normativos internos"
"436","SANTA MARIA TEXCATITLAN","INTEROCEANICO","3","17.7125","-97.06666667","1500","Partidos politicos"
"437","SANTA MARIA TLAHUITOLTEPEC","INTEROCEANICO","14","17.09305556","-96.06444444","2240","Sistemas normativos internos"
"438","SANTA MARIA TLALIXTAC","INTEROCEANICO","3","17.94944444","-96.7375","1140","Sistemas normativos internos"
"439","SANTA MARIA TONAMECA","INTEROCEANICO","17","15.74583333","-96.54722222","30","Partidos politicos"
"440","SANTA MARIA TOTOLAPILLA","INTEROCEANICO","21","16.6","-95.625","480","Sistemas normativos internos"
"441","SANTA MARIA XADANI","INTEROCEANICO","10","16.36027778","-95.01861111","10","Partidos politicos"
"442","SANTA MARIA YALINA","INTEROCEANICO","27","17.23888889","-96.26194444","1850","Sistemas normativos internos"
"443","SANTA MARIA YAVESIA","INTEROCEANICO","8","17.23416667","-96.42944444","1980","Sistemas normativos internos"
"444","SANTA MARIA YOLOTEPEC","INTEROCEANICO","25","16.87638889","-97.50416667","1890","Sistemas normativos internos"
"445","SANTA MARIA YOSOYUA","INTEROCEANICO","25","17.11805556","-97.51527778","1920","Sistemas normativos internos"
"446","SANTA MARIA YUCUHITI","INTEROCEANICO","25","17.01805556","-97.76944444","1740","Sistemas normativos internos"
"447","SANTA MARIA ZACATEPEC","INTEROCEANICO","18","16.7625","-97.98916667","350","Partidos politicos"
"448","SANTA MARIA ZANIZA","INTEROCEANICO","20","16.65472222","-97.33805556","1340","Sistemas normativos internos"
"449","SANTA MARIA ZOQUITLAN","INTEROCEANICO","24","16.55833333","-96.35305556","1040","Sistemas normativos internos"
"450","SANTIAGO AMOLTEPEC","E100","20","16.63972222","-97.49694444","1690","Sistemas normativos internos"
"451","SANTIAGO APOALA","470","15","17.64722222","-97.13611111","1980","Sistemas normativos internos"
"452","SANTIAGO APOSTOL","INTEROCEANICO","16","16.80416667","-96.72222222","1470","Sistemas normativos internos"
"453","SANTIAGO ASTATA","470","21","15.98666667","-95.67388889","40","Sistemas normativos internos"
"454","SANTIAGO ATITLAN","INTEROCEANICO","14","17.10305556","-95.94555556","1500","Sistemas normativos internos"
"455","SANTIAGO AYUQUILILLA","470","7","17.93416667","-97.95805556","1560","Partidos politicos"
"456","SANTIAGO CACALOXTEPEC","470","7","17.72083333","-97.74166667","1720","Partidos politicos"
"457","SANTIAGO CAMOTLAN","INTEROCEANICO","27","17.44555556","-96.18388889","1330","Sistemas normativos internos"
"458","SANTIAGO COMALTEPEC","470","8","17.565","-96.54833333","2050","Sistemas normativos internos"
"459","SANTIAGO CHAZUMBA","INTEROCEANICO","7","18.18888889","-97.68055556","1710","Partidos politicos"
"460","SANTIAGO CHOAPAM","INTEROCEANICO","4","17.36055556","-95.9225","840","Sistemas normativos internos"
"461","SANTIAGO DEL RIO","INTEROCEANICO","19","17.45555556","-98.08888889","1620","Sistemas normativos internos"
"462","SANTIAGO HUAJOLOTITLAN","INTEROCEANICO","7","17.82555556","-97.73138889","1620","Partidos politicos"
"463","SANTIAGO HUAUCLILLA","470","15","17.45027778","-97.07166667","2040","Sistemas normativos internos"
"464","SANTIAGO IHUITLAN PLUMAS","INTEROCEANICO","2","17.84861111","-97.42638889","2120","Sistemas normativos internos"
"465","SANTIAGO IXCUINTEPEC","470","14","16.93444444","-95.62138889","880","Sistemas normativos internos"
"466","SANTIAGO IXTAYUTLA","E100","9","16.565","-97.6525","700","Sistemas normativos internos"
"467","SANTIAGO JAMILTEPEC","470","9","16.27833333","-97.82","460","Partidos politicos"
"468","SANTIAGO JOCOTEPEC","E100","4","17.58805556","-95.87472222","90","Sistemas normativos internos"
"469","SANTIAGO JUXTLAHUACA","E100","12","17.33888889","-98.01111111","1680","Partidos politicos"
"470","SANTIAGO LACHIGUIRI","470","21","16.68555556","-95.53055556","810","Sistemas normativos internos"
"471","SANTIAGO LALOPA","470","27","17.41777778","-96.24833333","1260","Sistemas normativos internos"
"472","SANTIAGO LAOLLAGA","470","21","16.58472222","-95.20555556","120","Partidos politicos"
"473","SANTIAGO LAXOPA","470","8","17.21694444","-96.31111111","1940","Sistemas normativos internos"
"474","SANTIAGO LLANO GRANDE","470","9","16.48833333","-98.28972222","70","Partidos politicos"
"475","SANTIAGO MATATLAN","INTEROCEANICO","24","16.86472222","-96.38361111","1730","Sistemas normativos internos"
"476","SANTIAGO MILTEPEC","470","7","17.98388889","-97.68888889","1840","Sistemas normativos internos"
"477","SANTIAGO MINAS","470","20","16.42527778","-97.22777778","960","Sistemas normativos internos"
"478","SANTIAGO NACALTEPEC","470","3","17.50305556","-96.9175","2080","Sistemas normativos internos"
"479","SANTIAGO NEJAPILLA","470","23","17.41944444","-97.37222222","2250","Sistemas normativos internos"
"480","SANTIAGO NUNDICHE","E100","25","17.33055556","-97.67361111","2230","Sistemas normativos internos"
"481","SANTIAGO NUYOO","INTEROCEANICO","25","17.0125","-97.76666667","1630","Sistemas normativos internos"
"482","SANTIAGO PINOTEPA NACIONAL","E100","9","16.33805556","-98.05027778","200","Partidos politicos"
"483","SANTIAGO SUCHILQUITONGO","470","6","17.25","-96.86666667","1670","Partidos politicos"
"484","SANTIAGO TAMAZOLA","470","19","17.66944444","-98.22166667","1780","Partidos politicos"
"485","SANTIAGO TAPEXTLA","470","9","16.33972222","-98.44805556","60","Partidos politicos"
"486","VILLA TEJUPAM DE LA UNION","INTEROCEANICO","23","17.6625","-97.47083333","2110","Partidos politicos"
"487","SANTIAGO TENANGO","470","6","17.325","-97.00416667","2020","Sistemas normativos internos"
"488","SANTIAGO TEPETLAPA","470","2","17.78194444","-97.40083333","2170","Sistemas normativos internos"
"489","SANTIAGO TETEPEC","470","9","16.32111111","-97.74777778","260","Partidos politicos"
"490","SANTIAGO TEXCALCINGO","470","22","18.20722222","-96.96805556","1940","Sistemas normativos internos"
"491","SANTIAGO TEXTITLAN","INTEROCEANICO","20","16.69111111","-97.25972222","1720","Sistemas normativos internos"
"492","SANTIAGO TILANTONGO","470","15","17.28333333","-97.33888889","2200","Sistemas normativos internos"
"493","SANTIAGO TILLO","470","15","17.45972222","-97.31944444","2080","Sistemas normativos internos"
"494","SANTIAGO TLAZOYALTEPEC","E100","6","17.02638889","-96.99583333","2520","Sistemas normativos internos"
"495","SANTIAGO XANICA","470","13","16.00888889","-96.22472222","1260","Sistemas normativos internos"
"496","SANTIAGO XIACUI","INTEROCEANICO","8","17.2925","-96.43194444","1970","Sistemas normativos internos"
"497","SANTIAGO YAITEPEC","E100","11","16.22555556","-97.26916667","1760","Sistemas normativos internos"
"498","SANTIAGO YAVEO","470","4","17.33472222","-95.69944444","370","Sistemas normativos internos"
"499","SANTIAGO YOLOMECATL","INTEROCEANICO","23","17.47222222","-97.56944444","2140","Sistemas normativos internos"
"500","SANTIAGO YOSONDUA","INTEROCEANICO","25","16.87222222","-97.57638889","2200","Sistemas normativos internos"
"501","SANTIAGO YUCUYACHI","470","19","17.60805556","-98.19638889","1440","Sistemas normativos internos"
"502","SANTIAGO ZACATEPEC","470","14","17.15861111","-95.91444444","1390","Sistemas normativos internos"
"503","SANTIAGO ZOOCHILA","470","27","17.22","-96.24166667","1510","Sistemas normativos internos"
"504","NUEVO ZOQUIAPAM","INTEROCEANICO","8","17.28944444","-96.62055556","2060","Sistemas normativos internos"
"505","SANTO DOMINGO INGENIO","470","10","16.5875","-94.76666667","60","Partidos politicos"
"506","SANTO DOMINGO ALBARRADAS","470","24","17.06666667","-96.2","1490","Sistemas normativos internos"
"507","SANTO DOMINGO ARMENTA","470","9","16.33194444","-98.37777778","50","Partidos politicos"
"508","SANTO DOMINGO CHIHUITAN","INTEROCEANICO","21","16.58888889","-95.16166667","80","Partidos politicos"
"509","SANTO DOMINGO DE MORELOS","470","17","15.83444444","-96.66694444","140","Sistemas normativos internos"
"510","SANTO DOMINGO IXCATLAN","INTEROCEANICO","25","16.9125","-97.53194444","2330","Sistemas normativos internos"
"511","SANTO DOMINGO NUXAA","INTEROCEANICO","15","17.22166667","-97.12083333","1920","Sistemas normativos internos"
"512","SANTO DOMINGO OZOLOTEPEC","470","13","16.14861111","-96.30944444","2320","Sistemas normativos internos"
"513","SANTO DOMINGO PETAPA","470","10","16.81805556","-95.14027778","250","Partidos politicos"
"514","SANTO DOMINGO ROAYAGA","E100","27","17.3375","-96.11388889","1600","Sistemas normativos internos"
"515","SANTO DOMINGO TEHUANTEPEC","E100","21","16.32444444","-95.23888889","50","Partidos politicos"
"516","SANTO DOMINGO TEOJOMULCO","470","20","16.58861111","-97.22583333","1260","Sistemas normativos internos"
"517","SANTO DOMINGO TEPUXTEPEC","E100","14","16.95555556","-96.05527778","2110","Sistemas normativos internos"
"518","SANTO DOMINGO TLATAYAPAM","INTEROCEANICO","23","17.40666667","-97.34611111","2250","Sistemas normativos internos"
"519","SANTO DOMINGO TOMALTEPEC","470","1","17.06055556","-96.62277778","1590","Sistemas normativos internos"
"520","SANTO DOMINGO TONALA","INTEROCEANICO","7","17.675","-97.9625","1360","Partidos politicos"
"521","SANTO DOMINGO TONALTEPEC","E100","23","17.61055556","-97.35833333","2510","Sistemas normativos internos"
"522","SANTO DOMINGO XAGACIA","INTEROCEANICO","27","17.15333333","-96.2675","1600","Sistemas normativos internos"
"523","SANTO DOMINGO YANHUITLAN","INTEROCEANICO","15","17.52666667","-97.34444444","2140","Sistemas normativos internos"
"524","SANTO DOMINGO YODOHINO","E100","7","17.61666667","-97.68333333","1640","Sistemas normativos internos"
"525","SANTO DOMINGO ZANATEPEC","470","10","16.48194444","-94.35361111","60","Partidos politicos"
"526","SANTOS REYES NOPALA","470","11","16.10611111","-97.14416667","480","Sistemas normativos internos"
"527","SANTOS REYES PAPALO","INTEROCEANICO","3","17.80555556","-96.86111111","2060","Sistemas normativos internos"
"528","SANTOS REYES TEPEJILLO","470","12","17.4375","-97.93833333","1940","Sistemas normativos internos"
"529","SANTOS REYES YUCUNA","INTEROCEANICO","7","17.77694444","-98.00555556","1920","Sistemas normativos internos"
"530","SANTO TOMAS JALIEZA","INTEROCEANICO","16","16.84472222","-96.67055556","1520","Sistemas normativos internos"
"531","SANTO TOMAS MAZALTEPEC","INTEROCEANICO","6","17.17222222","-96.87083333","1660","Sistemas normativos internos"
"532","SANTO TOMAS OCOTEPEC","INTEROCEANICO","25","17.14444444","-97.7625","2130","Sistemas normativos internos"
"533","SANTO TOMAS TAMAZULAPAN","INTEROCEANICO","13","16.27194444","-96.585","1680","Sistemas normativos internos"
"534","SAN VICENTE COATLAN","INTEROCEANICO","5","16.38638889","-96.84444444","1370","Sistemas normativos internos"
"535","SAN VICENTE LACHIXIO","INTEROCEANICO","20","16.70361111","-97.01916667","2200","Sistemas normativos internos"
"536","SAN VICENTE NUÑU","INTEROCEANICO","23","17.45555556","-97.44166667","2360","Sistemas normativos internos"
"537","SILACAYOAPAM","INTEROCEANICO","19","17.50222222","-98.14388889","1640","Partidos politicos"
"538","SITIO DE XITLAPEHUA","470","13","16.35166667","-96.53222222","1550","Sistemas normativos internos"
"539","SOLEDAD ETLA","470","6","17.16944444","-96.82083333","1600","Partidos politicos"
"540","VILLA DE TAMAZULAPAM DEL PROGRESO","INTEROCEANICO","23","17.675","-97.57138889","2010","Partidos politicos"
"541","TANETZE DE ZARAGOZA","470","27","17.37555556","-96.30083333","1360","Sistemas normativos internos"
"542","TANICHE","470","5","16.56583333","-96.75305556","1420","Sistemas normativos internos"
"543","TATALTEPEC DE VALDES","INTEROCEANICO","11","16.30416667","-97.54583333","380","Sistemas normativos internos"
"544","TEOCOCUILCO DE MARCOS PEREZ","INTEROCEANICO","8","17.35277778","-96.61166667","1760","Sistemas normativos internos"
"545","TEOTITLAN DE FLORES MAGON","INTEROCEANICO","22","18.1325","-97.07222222","1010","Partidos politicos"
"546","TEOTITLAN DEL VALLE","INTEROCEANICO","24","17.02916667","-96.52","1680","Sistemas normativos internos"
"547","TEOTONGO","470","23","17.725","-97.53472222","2060","Sistemas normativos internos"
"548","TEPELMEME VILLA DE MORELOS","470","2","17.875","-97.36222222","2040","Sistemas normativos internos"
"549","TEZOATLAN DE SEGURA Y LUNA","INTEROCEANICO","7","17.65222222","-97.81111111","1520","Partidos politicos"
"550","SAN JERONIMO TLACOCHAHUAYA","INTEROCEANICO","24","17.00694444","-96.58333333","1580","Sistemas normativos internos"
"551","TLACOLULA DE MATAMOROS","470","24","16.95416667","-96.47916667","1620","Partidos politicos"
"552","TLACOTEPEC PLUMAS","470","2","17.85083333","-97.43333333","2150","Sistemas normativos internos"
"553","TLALIXTAC DE CABRERA","470","1","17.07083333","-96.64888889","1580","Sistemas normativos internos"
"554","TOTONTEPEC VILLA DE MORELOS","470","14","17.25666667","-96.02694444","1800","Sistemas normativos internos"
"555","TRINIDAD ZAACHILA","470","29","16.92138889","-96.765","1500","Partidos politicos"
"556","TRINIDAD VISTA HERMOSA, LA","INTEROCEANICO","23","17.77138889","-97.50555556","2170","Sistemas normativos internos"
"557","UNION HIDALGO","INTEROCEANICO","10","16.475","-94.82972222","10","Partidos politicos"
"558","VALERIO TRUJANO","470","3","17.77083333","-96.97916667","620","Partidos politicos"
"559","SAN JUAN BAUTISTA VALLE NACIONAL","470","26","17.77638889","-96.3","80","Partidos politicos"
"560","VILLA DIAZ ORDAZ","INTEROCEANICO","24","16.99805556","-96.43138889","1710","Sistemas normativos internos"
"561","YAXE","470","16","16.72361111","-96.4725","1500","Sistemas normativos internos"
"562","MAGDALENA YODOCONO DE PORFIRIO DIAZ","INTEROCEANICO","15","17.38111111","-97.3575","2310","Sistemas normativos internos"
"563","YOGANA","470","5","16.46111111","-96.78805556","1360","Sistemas normativos internos"
"564","YUTANDUCHI DE GUERRERO","470","15","17.03611111","-97.29583333","1650","Sistemas normativos internos"
"565","VILLA DE ZAACHILA","E100","29","16.95083333","-96.74916667","1520","Partidos politicos"
"566","SAN MATEO YUCUTINDO","INTEROCEANICO","20","16.73611111","-97.48416667","1240","Sistemas normativos internos"
"567","ZAPOTITLAN LAGUNAS","INTEROCEANICO","19","17.75472222","-98.38972222","1550","Partidos politicos"
"568","ZAPOTITLAN PALMAS","INTEROCEANICO","7","17.88888889","-97.81777778","1920","Sistemas normativos internos"
"569","SANTA INES DE ZARAGOZA","INTEROCEANICO","15","17.22805556","-97.15833333","1740","Sistemas normativos internos"
"570","ZIMATLAN DE ALVAREZ","INTEROCEANICO","30","16.86611111","-96.785","1500","Partidos politicos"
